samples,method,bias,pct_bias,variance,scaled_bias,ci_bias,ci_pct_bias,ci_scaled_bias,coverage,ci_width,scaled_mse,ci_scaled_mse
100,plugin,-0.9726965623845105,-0.040040312400689136,,7.227269421215653,7.735549754375369,0.3184280080079331,9.85197424760538,,,,0
100,ipw,0.8407980420709638,0.03461081037222883,23.02124050759366,11.732369347625925,15.211210505112785,0.6261578833220915,23.88760032404832,0.815,17.52074307477917,111.88531616747248,20.79476416696723
100,onestep,0.4447475482560103,0.018307693745679882,8.591415001359806,6.9026900988934985,7.824993405861137,0.3221098877289522,10.378923934167037,0.83,11.239178861320859,41.443720719891736,12.65601036679226
100,tmle,0.5592138265994147,0.02301961082388823,8.591415001359806,7.166525597988934,8.749934925242423,0.3601844001931535,12.951015587994682,0.82,11.239178861320859,41.98560081540463,12.738480859234556
100,plugin_iid,-3.2757262768336357,-0.13484277475190307,,9.053153480847815,7.254663177370861,0.29863267869644017,11.253886081633372,,,,0
100,ipw_iid,-3.5196194728987416,-0.14488245222224352,2.6796247119225125,9.376923411363766,8.113967247997222,0.33400527562504134,14.002884841027475,0.4175,6.344089969253039,71.04694220807544,16.57067303914004
100,onestep_iid,-2.1923751778229086,-0.09024745271469832,2.241167697358322,7.68742838451755,7.1919551885350534,0.296051352144972,10.135837127377727,0.445,5.836420049882216,33.23185617130064,11.332996442932473
100,tmle_iid,-1.6553947444626318,-0.06814306257262266,2.241167697358322,8.059331211543839,9.784519344443762,0.4027722790360228,15.805969583283142,0.47,5.836420049882216,23.489226657843744,9.528001393449145
100,ols,-1.846314814668564,-0.0760021417040088,2.1259128774407166,7.451831450642552,7.3140881207927215,0.301078861186457,9.96867578811305,0.46,5.706354838810122,26.09815936186445,10.043206491949954
400,plugin,-0.14632240035876085,-0.006023250053666266,,4.9144046854758585,3.619839029490219,0.14900791386132256,7.30445768268949,,,,0
400,ipw,0.01671530349715895,0.0006880727246098791,8.504642068056773,8.39615218026884,7.79775117539443,0.32098848208143516,20.10995634081344,0.895,11.22664403740418,94.76856653137219,19.13813476595366
400,onestep,0.38489427476957566,0.015843879375116332,3.0979568767374333,4.959013606012384,3.644183453361325,0.1500100335096375,7.687038655044431,0.9325,6.874262893806299,36.17062078276419,11.823483071829243
400,tmle,0.39963165576295523,0.016450532427838463,3.0979568767374333,4.923740366125648,3.6250413900112988,0.14922206506586108,7.706483555256215,0.9375,6.874262893806299,36.29945215048488,11.844520608919137
400,plugin_iid,-3.1247926539939597,-0.1286297072404346,,10.642318093560164,3.3219139057086653,0.13674405328081016,10.280703103843294,,,,0
400,ipw_iid,-2.86073529768425,-0.11775998748690542,0.6936355156174797,9.905250877338043,4.364292099790497,0.17965275692461305,13.616592294574474,0.27,3.2506597644466937,98.91948467099954,19.55277376388173
400,onestep_iid,-2.213647334385412,-0.0911231048215702,0.5839266050779899,8.038143711857618,3.407455931062115,0.1402653255367163,9.518088184582673,0.3025,2.992542381144947,61.108863899181145,15.368078049520198
400,tmle_iid,-1.9792744963298703,-0.08147532563031364,0.5839266050779899,7.7888128466157855,3.8215617159893256,0.15731167445643568,9.839391094638907,0.335,2.992542381144947,50.1587648274213,13.923257955018522
400,ols,-1.7697878100845121,-0.07285196590496743,0.5484018540636221,6.9485054463535425,3.4474737530068142,0.14191262866723495,8.977085926022829,0.3725,2.902730984531207,41.01160952194858,12.58985880545743
900,plugin,0.41954522682516654,0.017270259398384783,,5.181918092880929,2.776306844165399,0.11428455456657644,7.690388160988802,,,,0
900,ipw,-0.040386766691016894,-0.0016624904597152396,4.2699381151162115,7.884290883558583,5.87484123985511,0.24183336062337488,20.750036640623502,0.915,8.016194323783791,83.08187572528915,17.9192817956401
900,onestep,0.22999380386309948,0.009467519587327349,1.4275269769252017,4.808974861383335,2.640059352486685,0.10867603044755171,7.067318159753549,0.9175,4.675490015849585,28.794198896430824,10.549210364480626
900,tmle,0.22412209890614523,0.009225815329398477,1.4275269769252017,4.8055078330197745,2.6362782208646967,0.1085203830470907,7.03471105696228,0.9225,4.675490015849585,28.742336834233384,10.539705839294127
900,plugin_iid,-3.018465818172968,-0.1242528441081001,,13.33266371813306,2.401174225572652,0.09884250632563232,10.488838110951635,,,,0
900,ipw_iid,-2.597308888013166,-0.10691624017071755,0.30523583358635803,11.526261936494395,2.663879739861657,0.10965657853303197,11.47381139641919,0.135,2.161210612592515,137.1465588498076,23.022893804240503
900,onestep_iid,-2.290367781930911,-0.09428124355263731,0.2607084151292224,10.259696132425585,2.5005642498337695,0.10293382089877268,10.445015366378911,0.16,2.0006461236380066,107.10110133915644,20.345315130533194
900,tmle_iid,-2.199342285466676,-0.09053424838908791,0.2607084151292224,10.07010606234037,2.641030573872475,0.10871601003543256,10.357671304971193,0.17,2.0006461236380066,99.15232643468656,19.575772399568176
900,ols,-1.8112787651204334,-0.07455990943606064,0.2452969743221459,8.41791764191336,2.5452901849293905,0.1047749299176546,9.934094561716583,0.24,1.941031865051423,68.58111956282482,16.280574949170443
1600,plugin,0.5279351819862849,0.02173204926542065,,4.902052826810131,1.9601189211705579,0.0806868009832094,7.181525365667971,,,,0
1600,ipw,-0.12797184321381314,-0.0052678633593726395,2.5021534160176166,5.9779223140774285,3.0048214457391604,0.12369118391941623,11.349463925318696,0.97,6.171472419356956,74.03178633336367,16.91517779631986
1600,onestep,0.22158208409565724,0.009121257556247713,0.8216532368617919,4.364130107701116,1.9284801604860287,0.07938441552121732,6.412410854616758,0.9275,3.550097740990936,25.59560937327565,9.946039724372026
1600,tmle,0.211099286329706,0.008689741178362125,0.8216532368617919,4.363322865714589,1.9290398786545213,0.07940745589289075,6.379121876593475,0.9275,3.550097740990936,25.462282876370157,9.920101642774595
1600,plugin_iid,-2.9391424652186013,-0.12098755876034781,,15.935150507240287,1.759713356621122,0.07243725870897251,9.540638985416795,,,,0
1600,ipw_iid,-2.5305523834051438,-0.10416825955409996,0.17038819203808384,13.721010007203958,2.286406228788647,0.09411816923784867,12.391437804192828,0.0475,1.615325128122108,193.24411816381746,27.32880203447736
1600,onestep_iid,-2.274244872161789,-0.09361755626419749,0.14656718767911736,12.340869705770455,1.821800855086625,0.07499304324741249,9.825857680625077,0.05,1.500400889484489,156.3439957821456,24.581481642658133
1600,tmle_iid,-2.182953510532993,-0.08985961696384637,0.14656718767911736,12.106454849066008,2.031570779292762,0.08362806224747181,9.80659306975758,0.0575,1.500400889484489,144.38312734814784,23.62249005873155
1600,ols,-1.7540559136809475,-0.07220437438360966,0.13933232261388048,9.636236063029727,1.8761398897877914,0.07722986818247021,9.700506123310959,0.1575,1.4629979006727518,94.53510475704775,19.114546891858467
